login_hour,failed_attempts,device_type,location_code,login_frequency,latitude,longitude,travel_speed_mph
3,27,1,77,134,33.34787746360687,36.74644494712973,40.22185166187764
9,0,0,91,17,19.10879692284159,73.08381726992836,0.0
19,2,2,36,33,40.779268092611346,-74.39034315703502,0.0
8,1,2,46,36,-22.396604152501965,-46.91959333192316,0.0
14,1,1,98,12,19.066055135254604,72.94376836066799,0.0
0,14,1,35,43,35.42039074978468,139.87627011846615,384.75376755981245
8,2,2,83,26,1.7751067723356344,104.13459706819698,0.0
8,0,0,54,32,-34.249531082709474,151.42863110317555,0.0
18,1,2,82,37,52.16319172212962,13.133064067110341,38.559215934915734
19,0,2,28,12,40.584859321164735,-74.4650043811109,0.0
9,0,0,28,3,2.0155047100209957,103.65684434364991,0.0
15,2,2,65,23,1.465730704567284,102.56108344880124,0.0
20,2,1,28,16,-23.598913018696706,-46.57274100083139,0.0
16,1,1,34,12,19.411873645538645,73.7875196760306,0.0
12,1,2,44,31,35.835102584600946,139.4135709531838,0.0
11,0,0,45,24,34.87349550440772,139.1260379433974,262.48946460054606
18,2,0,61,18,48.80897746088733,2.0760391632113278,0.0
8,2,1,63,28,52.096010061172336,13.680493328785657,0.0
14,2,2,86,9,-33.45530280544134,150.98301916539933,0.0
10,2,2,63,32,43.35601070479278,-78.78538033758808,0.0
21,2,1,99,23,40.727098388359174,-73.9309326829969,0.0
18,2,0,21,21,-23.81483100166858,-47.21373522986075,320.81160143204283
11,2,0,38,29,-33.844273295362825,150.73044587555515,0.0
14,1,2,23,9,40.78592400390943,-73.6764843255638,0.0
21,1,2,51,38,35.535891991917595,139.7160292003906,0.0
16,2,0,60,19,35.06373247490553,138.88111500051593,0.0
16,1,1,3,18,40.59744979340226,-73.68101921692306,0.0
17,0,0,96,17,51.23365482150059,-1.3453318448864118,284.95095419706155
8,0,1,6,38,20.260279563989595,72.3144265938581,0.0
16,1,0,16,8,40.95949165020576,-74.6194377672569,0.0
18,1,1,85,33,52.07589462227638,13.069581981633252,0.0
18,1,1,95,2,48.20614912174294,2.9973883756291126,0.0
18,0,2,46,22,49.61718606888237,1.4384628229735048,0.0
17,1,0,31,28,48.62749174034971,2.625431882073831,0.0
13,1,2,88,18,19.361596960283983,73.4997269479311,0.0
9,1,0,60,12,50.99618231022711,-0.45919240074586765,0.0
8,0,1,77,17,48.914175899512294,2.651324687314975,0.0
14,0,1,82,6,-23.401846510575087,-46.107324797085866,0.0
18,0,2,41,25,44.0220422942619,-78.63847808952619,0.0
21,0,2,80,21,52.33930711640908,12.682741331498862,0.0
16,2,2,12,5,48.822904382140905,2.3893396220414242,0.0
8,1,0,65,25,-24.41027050335611,-46.71732753284418,0.0
23,30,0,76,48,1.6478861876505113,103.84034299491444,0.0
13,1,1,65,15,18.845852277903077,73.42662118044414,0.0
19,2,2,55,15,43.10332721807154,-79.34374478159954,0.0
21,2,1,28,18,-33.68282004962075,151.29754365518133,0.0
14,2,1,48,11,2.1949241507095825,103.93562400774199,0.0
12,1,0,76,5,17.988838217956676,72.643408534045,0.0
8,2,0,77,8,52.99912691307629,13.15169474665019,0.0
9,1,0,87,29,-23.62983722185532,-46.66902282854939,0.0
12,1,1,79,13,-23.740378669990122,-46.33008599315496,0.0
3,4,1,89,167,-23.903004596170106,-46.76118076976719,0.0
13,2,2,92,26,49.45582247641585,3.271003366532355,0.0
13,0,2,5,36,-33.370871235640756,151.83940370303944,0.0
4,11,0,53,66,40.5523456332131,-74.10692674845785,128.4011982522826
14,0,0,72,38,0.659414067165134,103.41570320747479,0.0
18,1,2,39,35,-33.34397291106983,150.51520764491292,0.0
3,31,1,77,118,59.73000675443193,29.829258495114754,424.27095751759634
18,1,1,79,15,-23.266656624532708,-47.14402031132929,0.0
8,0,2,26,2,51.370026252412785,-0.32656491047772995,0.0
17,2,0,27,6,40.871013036524545,-74.2111407179855,0.0
10,1,1,16,33,47.904343964067415,2.862162289798487,0.0
15,2,0,52,19,36.36533739316786,139.25916548983682,0.0
11,2,1,2,6,36.032011325235416,140.31539154315308,0.0
12,2,0,81,37,43.63886136005403,-78.99183375188068,0.0
16,0,0,54,32,42.86816406348589,-79.85351475480508,0.0
21,1,1,16,8,41.22064347253174,-73.61827726461846,0.0
20,0,0,58,19,-33.07679819721815,150.95647182003128,0.0
21,2,1,77,31,49.067606580353484,2.205301674929603,0.0
14,2,0,30,5,41.202596475420435,-74.09688763794146,0.0
19,0,2,82,1,0.7795112879823097,104.16378347605801,0.0
13,1,0,60,19,1.0848966569883158,103.09431336877945,0.0
18,1,0,31,9,-33.78072920122442,151.1051062897538,19730.804311214655
18,0,0,54,29,-23.73398659944019,-46.87947550606978,29.390458523471878
18,0,1,3,25,40.67830966982711,-73.90930210841913,197.12587509611342
11,0,1,37,7,-33.166528312994565,151.19458263454527,0.0
14,2,2,29,11,35.351924071970316,139.46947736115715,0.0
18,0,1,16,26,51.590607574381444,-0.4181888942519858,0.0
16,2,2,94,7,-23.796486684569558,-45.93832231655609,0.0
21,0,0,11,18,51.704355986618076,0.47547596811838744,0.0
3,23,1,59,75,33.43096545313518,36.29205032905664,21.974380763718468
10,0,0,45,37,51.760767331243414,-0.39193948670099,0.0
11,1,1,57,36,35.14057292515364,139.4555325043598,0.0
15,2,0,36,17,35.50076734651323,138.57224948431258,0.0
14,1,2,22,28,49.51923452551917,1.231863106790126,0.0
15,0,1,6,28,40.85579247036123,-73.8391604700273,0.0
10,1,2,77,34,-34.25704090402982,150.87443408375583,0.0
8,1,1,18,34,-23.407013020773032,-46.98023416040401,0.0
17,0,1,57,19,-33.500421122279455,150.98494171566747,0.0
17,1,2,14,9,-23.36151927003156,-46.8134873232902,0.0
16,0,1,99,21,-33.70623317568411,151.864492351085,0.0
20,0,1,67,8,40.95474615862095,-73.7716971017502,0.0
19,1,1,18,13,50.584013782764295,-0.21252461874168382,0.0
20,0,2,14,21,-22.76038370632459,-46.31543523192134,269.194079767365
16,0,2,93,37,-23.571007710501732,-47.25900693624211,0.0
12,1,1,25,17,35.47016377215811,139.78074453234103,0.0
10,2,2,1,10,43.12168032530146,-79.77396985419384,0.0
14,2,1,41,17,35.32986922108495,139.82824468877715,0.0
19,0,2,53,14,-33.66741585400345,151.15312305426482,337.0198642335278
18,1,2,22,11,44.15607073021431,-79.13171366395297,288.055241735432
11,2,1,63,22,39.77869980002243,-74.09638024489779,0.0
20,2,2,49,39,1.2557101063806961,103.61294541616269,15.95655325960105
10,2,2,43,10,43.285659018098116,-79.06229286654947,0.0
12,0,1,49,22,52.677101866475226,13.461959814050385,0.0
15,0,0,39,25,18.806032770230576,72.99791243841939,0.0
10,0,1,26,33,-23.474141050390084,-45.90878488436038,0.0
22,42,1,90,81,48.655656488959714,2.605083172370376,158.44016753555763
20,2,1,82,26,36.1193650980308,140.14034676753505,0.0
2,12,0,77,100,33.968691672550584,36.23166803923018,207.87459819358327
15,2,0,2,12,52.21632720061728,12.985529373959848,229.77781372188062
21,2,0,29,5,18.696190579475847,73.26195855707478,0.0
10,0,1,7,15,-22.712726303227758,-46.26971712780099,0.0
14,2,1,4,7,40.800510537650055,-73.73458672034049,0.0
11,2,1,46,6,19.607687424785468,73.69954524762612,0.0
13,2,1,56,26,18.826351380214003,72.89706351018481,0.0
17,1,1,36,25,52.77674773846051,12.841954045586391,0.0
14,0,1,9,36,19.055189253353742,73.3683570639994,0.0
18,2,0,29,11,1.9671806567285732,103.8350477523768,0.0
9,0,1,50,17,51.36953637376634,-1.206100348316394,0.0
15,0,1,80,39,-22.9814146299311,-45.00597635342294,0.0
13,2,1,97,20,36.45553995504449,140.34872410090665,0.0
19,1,0,34,29,51.334357791413794,0.09970703069104775,0.0
18,1,2,33,19,-34.18275826129904,151.9130632287692,0.0
21,2,2,90,31,-32.84037388963449,151.16858060952862,0.0
9,1,1,76,39,39.899691142705635,-74.398839798306,0.0
7,2,1,69,8,35.56860429423561,139.74358891936805,3483.775661346682
21,1,2,23,6,-23.595347813403762,-46.71550822023069,0.0
17,2,1,39,37,44.069848719200245,-78.73593834881346,0.0
13,1,1,88,36,40.34629696836168,-74.24308957828983,0.0
21,1,1,32,25,35.057118612597215,140.02167498089344,0.0
21,2,0,53,24,36.24450238585228,139.92840878949875,0.0
8,6,0,47,177,52.55822484676728,13.175058505420518,459.0877062458407
12,0,0,87,10,42.90761460864984,-78.22643271548962,0.0
10,1,0,62,13,41.031786635075385,-73.51847445234827,0.0
11,0,0,12,25,43.04476148767605,-80.36671574915997,0.0
9,1,2,77,39,40.336150887830726,-74.6748547119589,0.0
15,0,2,74,2,52.45391820695583,0.34983773811872443,0.0
17,2,0,44,33,49.25783544115984,2.9153000435945704,0.0
9,1,2,38,4,-33.79828167208872,152.20948375575406,0.0
18,2,2,85,28,52.589043576566816,13.954688694091224,0.0
16,36,0,75,59,51.86398112001302,-0.17726807740503137,267.0706915679319
18,0,0,33,29,-33.462151711708465,150.81072863779673,0.0
15,0,0,79,5,1.1073302781542482,103.25122930973188,0.0
18,2,1,70,19,51.537414502876004,-0.1861149662001972,0.0
19,2,0,67,14,19.198866991460676,72.58749157639099,0.0
15,0,0,67,4,48.498166889821206,2.6477543067692713,0.0
21,0,1,20,13,40.116001544839506,-74.66293072898868,0.0
11,2,1,6,11,49.331998150168076,3.2020162083221235,0.0
19,0,0,55,1,53.55997296184526,13.156847634522357,0.0
10,0,0,17,28,1.098260108767169,104.14856220674255,0.0
4,48,0,42,59,51.893168792804346,-0.11849430681325827,0.0
15,0,0,62,27,19.22422946699928,73.02176311836385,0.0
16,0,2,49,19,51.87357252721082,0.5519057099806997,0.0
16,2,2,92,39,36.14890494998857,140.1318444991065,0.0
13,0,2,82,38,41.01820491687739,-74.09057558787165,0.0
17,2,1,48,22,34.599260377644214,139.5939880853686,0.0
18,2,1,7,35,41.30450712476959,-73.81991565926396,0.0
16,2,0,56,26,50.91468999765984,0.21117189247633658,0.0
1,19,1,53,68,49.07694757235724,2.4505986973672993,282.319524572611
18,1,2,72,34,-34.58186276633465,151.40042746957246,0.0
19,2,0,7,31,40.983234611240675,-73.45718751756942,0.0
12,1,0,33,17,-23.087139501114237,-46.076619747028026,450.22927685414845
18,1,2,8,27,43.685889606749406,-80.02414002721774,0.0
13,2,2,3,20,-32.85859901815894,151.47118555491647,450.45522396056253
9,0,2,44,13,48.466449173071545,2.7814565767237482,0.0
13,1,0,2,29,51.90912290618279,-0.2612517770806326,0.0
16,0,0,60,14,52.407497048314816,13.684384892280313,0.0
9,0,1,82,29,0.6637542296809592,105.02969586650524,0.0
16,2,0,7,20,40.116222676950635,-74.18687994416015,0.0
17,0,1,81,32,36.16534649105813,139.18485940290327,0.0
9,1,2,9,12,1.2891305135265831,103.4816478976417,0.0
15,1,1,97,12,1.6771951903653772,103.64233127428386,0.0
12,0,2,39,22,52.3168010125103,0.5415108671952255,0.0
15,1,2,57,12,35.59687225206571,139.68947433448128,0.0
15,2,2,82,38,19.673090981275536,72.46194902852196,0.0
12,1,1,72,17,-33.354380852293595,151.10683810411297,0.0
20,0,1,29,29,51.73468174114983,0.704420126974105,0.0
0,9,0,19,36,51.94767814245758,-0.5402356209496294,0.0
11,0,0,32,5,-22.170119032136906,-46.517119861158065,248.29954178675416
19,1,0,23,34,35.29599996283335,139.11940947301997,0.0
19,2,2,99,38,40.707742044265544,-73.26213648217087,0.0
16,1,2,70,23,51.67683257852587,0.20402801396883716,0.0
18,2,1,97,7,1.3085455783188054,103.1274766896527,0.0
18,2,0,53,3,1.5433207089096492,104.33772365243381,0.0
14,1,1,8,35,48.248723312916376,1.9775965211428703,0.0
10,2,1,92,28,-23.45909654539733,-46.536613413087274,0.0
12,0,0,91,6,42.57250967765017,-79.07751101214944,0.0
17,0,1,40,38,49.67607041367209,2.7044673995512545,0.0
10,1,2,2,39,50.85507230209628,0.02713864229157331,0.0
20,1,0,92,14,37.2471834886439,138.9474226346735,0.0
16,2,2,82,13,52.7365602673386,13.798270013491958,0.0
21,0,2,31,17,53.194140032963205,13.37759568254126,0.0
17,1,2,52,12,-32.653876135673016,150.39629445411174,0.0
18,1,0,23,20,-34.49392324906016,151.33376454765835,368.2905832924118
9,0,2,78,33,1.7546963373904743,104.51362215352883,0.0
9,0,0,45,7,51.76503642649338,0.5535369311835289,0.0
12,1,1,11,17,1.5189217657252987,104.4851085177548,0.0
14,1,0,9,32,52.36049616662359,13.124196482480917,0.0
11,1,1,91,33,2.623933947650764,103.94371648843702,0.0
11,0,0,70,3,40.484316338211286,-73.59988010953039,0.0
8,1,2,67,11,-34.46684861591219,151.66700851061515,0.0
21,1,2,48,33,51.49824157027857,-0.9096448426727126,0.0
20,0,0,40,38,19.136112816717105,72.79626021127028,0.0
11,2,2,96,39,-33.3965545138044,151.29818946146494,0.0
11,2,1,53,16,48.38489224249581,2.6238897844723783,0.0
15,2,1,32,30,40.259782102748865,-73.90017951124568,0.0
10,1,1,13,23,43.756285016979234,-78.22885018957588,0.0
11,2,0,37,30,18.88129106125348,72.63798762914203,0.0
9,1,0,9,21,-23.74251608894007,-47.98421756707472,0.0
0,15,1,45,69,19.17307198151064,72.70787902980196,0.0
17,0,0,27,7,35.38444832149386,139.69732705987323,11083.950867645286
17,0,1,69,5,51.76364977611075,0.5644362190901938,0.0
8,0,1,67,29,49.62540578003702,2.2782715000781346,0.0
10,2,0,87,8,19.530608083226564,73.05264506005737,0.0
21,2,1,75,39,43.01615500646345,-78.67396851163477,0.0
12,2,0,71,36,-34.18115336158105,151.61839356805297,0.0
15,2,0,61,11,48.86902616912232,3.0345994048711673,0.0
19,1,1,41,17,-23.231054477031613,-46.80282265160487,0.0
9,2,2,1,18,43.61146062619683,-79.4701548776834,0.0
10,2,2,88,35,52.86634966299711,13.26777998644549,0.0
17,13,0,36,113,-33.73314262585856,151.13511529777006,0.0
10,2,2,98,7,51.73714865303534,-0.16124126922856888,0.0
20,2,0,47,15,49.02665885320232,2.1751692265664553,0.0
10,0,0,22,21,-33.99757011003087,151.01937653554407,0.0
13,1,0,94,3,40.1311897299548,-73.70435698316311,9.721782242644746
18,0,2,45,16,52.710023731729514,12.301218137354866,295.160265273729
12,0,0,78,15,1.8331996772975587,103.692379080973,0.0
8,1,1,33,10,40.3896953190885,-74.45409473115834,0.0
15,2,2,26,33,41.72124377209346,-74.44225765779593,0.0
14,2,0,53,4,-35.03658636208331,151.403385128834,0.0
17,2,0,5,11,43.09734024332685,-79.26984143668186,338.7387180614615
20,1,2,29,17,44.33499265372121,-79.29141391985523,0.0
12,1,2,93,26,52.70177297034368,12.48221018233792,0.0
12,2,2,88,2,40.72586121576987,-73.50217325369981,0.0
12,0,0,53,23,18.727530127459715,73.0111560382447,0.0
13,1,0,22,24,36.15234673051861,139.29687143296988,0.0
21,1,0,97,8,18.36550771946361,73.00582889602147,0.0
18,0,1,57,1,-23.622422885455983,-47.27829308791261,0.0
3,0,2,16,33,40.79097520662941,-73.96684759922316,4503.438984703542
11,2,2,26,30,40.893372385173436,-73.48903742845722,0.0
19,2,2,12,12,43.696792869346886,-78.36465247601554,0.0
13,0,0,19,35,49.29896321087707,2.3443739691889154,0.0
9,1,1,59,16,52.14018030976089,13.698964871367195,0.0
9,1,0,49,5,-33.641253631545176,150.83495989924745,0.0
13,1,1,95,8,19.25476312191861,72.32963848763097,0.0
17,0,0,35,13,1.7502044042262608,102.9200680342623,0.0
14,1,2,92,2,52.59102547216231,13.696224062327415,0.0
11,1,2,74,22,35.59180160664893,140.87502989947905,455.8434906024247
20,1,0,68,12,1.3959497414308681,103.5246622583201,0.0
10,0,0,2,12,43.57398164201664,-78.81155238433018,0.0
14,1,0,72,11,35.904968673074116,139.84861500229965,0.0
20,0,1,6,19,-33.30317360480113,150.9733702027833,0.0
17,2,1,18,24,19.26362562780936,72.46602039771079,0.0
12,2,2,78,18,-34.16243470888309,151.1913022940114,227.79715795247537
20,0,2,78,26,1.624660873794466,103.778964484574,206.90303879092767
13,0,2,78,25,35.82485482284042,139.74491598995294,0.0
16,2,2,76,33,43.926533872737956,-79.65389843842144,0.0
12,1,2,2,28,35.76590840641563,139.34805419560996,0.0
21,0,1,70,17,41.08875130901635,-75.26774373510393,0.0
4,24,0,68,94,35.94371417703399,51.96594706726925,155.3418720276384
9,2,0,66,21,40.53069875825603,-73.76010183420595,0.0
19,1,0,33,6,35.6257885049074,139.4293159013729,0.0
20,1,0,52,6,-23.8217340333531,-47.06523228293652,0.0
19,1,0,20,4,51.768788975232944,0.540027948572281,0.0
10,2,2,88,14,47.162385958671805,2.3453419503168655,0.0
17,2,0,39,11,40.2075029566467,-74.41367994513631,0.0
18,2,1,3,13,40.58592665958621,-74.53565631055888,0.0
17,2,0,87,37,44.027351074286315,-78.72305202094603,0.0
13,0,1,25,13,52.16108830697414,13.185260729908094,0.0
15,1,1,65,20,1.450391036743869,103.41075697519474,0.0
13,1,1,49,6,49.261369636002954,2.355439742110358,0.0
8,1,1,11,18,1.366989631617312,102.78913727202944,0.0
20,1,1,19,22,0.5838741297548856,103.9626449001336,0.0
11,2,2,75,18,43.769212338131226,-78.61846068723172,0.0
18,0,1,46,26,40.248133902948865,-73.91118593834727,0.0
11,0,2,86,33,-34.226787903463105,151.36163091434906,0.0
20,1,2,65,38,52.59160772624876,12.95700059659275,0.0
17,0,1,55,17,-33.771373589399076,150.6262955554624,0.0
10,2,1,41,30,-34.23980987077849,150.8284558968832,0.0
13,0,0,31,6,51.54375656349466,12.98590184299524,0.0
13,28,0,48,42,52.7088417293172,13.266797162540742,83.89818154571596
12,2,1,4,1,48.70342326961435,2.617140348193322,0.0
14,1,1,25,28,47.79455096283491,3.116061809761882,395.19622804456066
17,0,2,24,27,48.363059114855986,1.9767973474561296,0.0
18,1,2,29,10,19.391645641630085,73.38223264802367,0.0
19,0,0,49,4,49.160919414937,2.5343597603139747,349.3604432915928
21,2,2,16,34,40.439669914484554,-73.934972094203,0.0
19,2,1,76,24,36.28719856048675,139.44799792744342,0.0
18,1,1,21,33,0.962593078483154,104.21533485113805,0.0
12,0,0,55,23,20.121642451212292,72.67716566653846,391.48881426591083
9,0,0,15,22,40.78738863017247,-73.32539494233944,0.0
3,18,0,73,83,39.595866168173586,125.97541223458958,0.0
15,0,1,99,1,41.19794944363003,-73.94542654907505,0.0
2,27,1,76,128,9.687711321660013,-67.04947335063805,439.30038766798873
8,1,2,54,11,51.77790093630181,-0.22086117387608478,0.0
14,2,0,28,15,40.32228978536756,-74.45514687291615,0.0
21,2,2,11,23,49.442390263441254,2.1942206367771746,0.0
16,0,2,67,26,18.925057747404725,73.0210649195419,0.0
17,2,2,86,27,-33.70755464216359,151.52699067941114,0.0
17,14,0,73,185,36.0189851600854,139.69035237430728,0.0
15,1,0,28,10,-23.54757383163731,-46.107310022895334,481.01204369607547
10,0,1,48,34,0.946493393072226,103.9019591659505,0.0
15,2,1,90,18,44.166236710217916,-79.10401885853636,0.0
17,0,0,24,34,51.51577918423085,0.39953382838911766,17847.530794307808
12,1,2,66,16,40.86364756747302,-73.85743632394029,0.0
14,1,2,82,11,35.566329848298565,139.07572255788008,0.0
21,1,1,28,9,0.820545481675268,103.67184078949155,0.0
13,0,0,99,39,-33.56010509513984,151.38122241156216,0.0
9,0,2,13,18,-24.150584998200806,-46.248851318387764,0.0
20,0,0,81,12,-23.049523866104117,-46.111204455604565,0.0
19,1,2,37,6,-33.52700712739946,150.66945464874885,0.0
18,1,2,54,9,-23.832383221061516,-46.45660358120154,0.0
18,1,1,85,7,42.91998201424906,-79.42309999017883,0.0
2,21,0,71,145,38.41091733202728,126.40710152570344,0.0
9,2,0,73,28,51.92667924131748,13.12756414361462,0.0
13,1,0,67,29,19.210108404138847,72.827330877297,0.0
18,1,1,18,20,40.32824238827881,-74.11710233146145,160.92909621893816
12,1,0,36,6,18.885811972890206,72.76932249175692,0.0
20,1,0,59,17,43.27935499851752,-78.68401766285737,0.0
2,14,1,1,140,40.56991017814164,-73.79665481312566,0.0
20,1,1,92,26,0.970979268935209,103.74293121383639,0.0
10,2,2,85,32,51.89139436257123,12.768852632688006,0.0
8,2,0,2,1,48.99565300954598,2.27093693593505,0.0
17,0,1,99,13,41.19550398721769,-74.2233225448951,0.0
3,6,0,23,42,43.69475294735696,-79.08755015996279,228.0383339439781
9,2,1,77,5,1.6034996154832022,104.63686749674443,0.0
14,0,0,87,19,49.07800319051046,3.287007665252258,0.0
17,2,1,24,8,44.342452217232406,-78.5684507296879,0.0
17,2,2,42,18,18.58898188844106,73.1963859887939,318.47532375483274
10,2,0,25,3,52.28292720943828,14.345217573201326,0.0
17,0,2,59,16,43.58124726225672,-79.53854170677627,0.0
15,1,0,66,29,-23.774513569900115,-46.305494800873554,415.1224784928467
16,2,0,1,31,35.82775283305029,139.92987964445157,0.0
12,2,1,96,24,51.00972231803799,-0.14288583331456742,0.0
20,46,0,33,70,1.3964090447802122,103.70363998130215,226.87286719041404
21,0,1,32,5,35.92791454130094,139.27539429641675,0.0
17,0,1,30,9,-23.29407819346031,-47.13655664635479,0.0
20,1,2,5,19,40.354771939633004,-73.46622818959418,0.0
1,35,1,6,84,35.37239805493428,139.93300988093478,0.0
13,1,1,24,35,35.750702683450164,140.20482702396578,0.0
4,29,1,84,83,39.196314493472094,117.05790783132736,303.6461549940762
17,0,0,38,18,0.33876893512833006,103.45723345324183,82.09705331843725
18,1,0,44,39,49.126166051591404,3.2309918861158358,431.76571435509527
18,1,2,83,2,43.76597722392111,-78.59795271871444,0.0
14,0,0,73,16,19.225026105053587,73.07299695309962,0.0
15,1,0,2,1,40.85929676372598,-74.11628623374042,0.0
20,1,1,29,9,-33.91261912890824,150.51622102794738,0.0
13,0,2,51,23,51.53898272965358,-0.589562695884365,0.0
8,1,0,77,1,51.24956798307889,-0.6473367831958906,0.0
12,1,0,13,13,53.349973801362644,13.966431976866904,0.0
21,1,1,69,21,52.4094013341371,13.201768889385319,0.0
12,0,1,22,27,35.99629491185356,139.7259988439466,0.0
11,2,0,37,28,40.40078535317973,-74.1417622377457,0.0
15,1,0,49,7,51.55828203649381,0.12940046828521892,0.0
17,0,2,86,12,49.37790441781824,2.5624725546140596,0.0
9,1,1,35,16,-34.12251864295399,150.8578012698651,0.0
20,1,1,29,6,-24.019011002199964,-47.715657125155204,0.0
19,2,0,83,7,35.8250801254592,139.28098459398694,0.0
21,1,1,18,14,43.00422068041635,-78.80075073095732,0.0
17,1,0,79,36,-33.63260167858032,150.53784780086522,0.0
18,1,1,20,29,-34.56755911642194,151.1225340854825,0.0
14,2,0,44,39,-33.30596060781519,151.60386701257335,0.0
17,1,1,80,23,1.198207191660094,104.04419025928325,0.0
12,1,2,79,24,49.87325264930173,2.489810644378915,0.0
17,2,1,55,7,44.09337552738166,-79.32784970623878,0.0
2,7,0,88,51,-33.548104024729035,150.85166678371095,0.0
9,1,1,41,34,51.982489239764284,0.27755182767499686,0.0
9,2,1,97,30,19.54616081027044,71.41322431764945,0.0
9,0,2,38,24,1.2902052060945401,103.96196222475962,0.0
11,0,1,64,4,1.7491085367705668,104.49123710647471,0.0
17,1,1,69,32,43.12185019752044,-79.43750306932981,0.0
19,26,1,80,42,43.40498939451751,-79.0949780935209,39.89995300628737
13,1,0,4,35,18.886956949508335,72.62545175786418,0.0
8,1,2,54,34,-23.18062503006087,-46.54729215049207,0.0
11,2,0,88,9,19.360896905951886,72.84376111396351,0.0
18,2,2,29,26,1.2703663316488967,103.9706096239768,0.0
13,1,1,21,28,35.814731375218756,140.33393640314102,0.0
19,1,1,97,24,1.3759017759071757,104.10636602634625,0.0
18,1,2,19,27,52.07443349569926,12.825122776448932,0.0
20,1,1,50,6,35.616701012134556,139.5071040632516,0.0
20,1,2,95,10,1.806770009052688,104.67449303327885,0.0
3,13,0,57,95,55.77585954121829,36.571367952724565,11.969433325030884
16,0,1,32,39,1.3809977927926098,104.37329520648925,0.0
9,2,1,79,1,19.191466720414997,72.43515014591644,0.0
12,0,2,99,20,44.52562081102177,-79.11420799172947,0.0
14,0,2,23,23,35.726152771951206,139.9830919834721,0.0
8,0,0,65,15,-33.90094634355525,151.3069876421759,0.0
11,0,1,53,13,40.018826969716734,-74.02035429510612,0.0
14,2,1,32,16,48.64724757959677,2.578016350824798,0.0
20,1,0,78,25,19.116550122020012,72.32712985601121,0.0
20,2,2,30,6,48.07859663361316,2.3385550301801494,0.0
16,0,0,39,31,19.662119623379198,72.71343254576864,0.0
21,1,2,3,18,18.65712600920312,72.54477329588305,0.0
16,0,1,42,15,18.804697579120862,73.32019669304056,0.0
14,2,2,1,30,-34.82813737851591,152.35377374485662,0.0
0,12,1,66,73,-23.800868591884953,-46.62748106531754,0.0
8,0,1,46,7,40.50078070900025,-74.24009139565452,0.0
14,1,0,92,32,49.83211714901001,2.3233960181422475,0.0
13,2,1,84,20,40.05666030733054,-73.47625973491333,0.0
11,0,0,25,18,44.67558946134241,-78.84950916560382,0.0
14,0,1,70,2,51.96418733613064,12.44691641016706,474.12773798312116
19,35,0,40,75,43.53047513907709,-79.34664339177907,177.49659801884937
16,2,2,6,39,40.59026519084183,-74.34526466768237,0.0
3,36,0,30,90,-34.0622147176546,151.40624665476395,418.47669812493285
10,0,1,80,9,1.6040078477947777,104.09314766188294,0.0
16,1,2,22,20,40.90009255472549,-74.71084688476674,0.0
15,0,0,62,30,-33.95660065035552,151.38719648746385,0.0
16,2,1,13,14,35.20103451590164,139.81838002313802,0.0
16,0,2,32,4,51.71650330637726,1.5024455403457118,0.0
14,2,0,33,30,52.008363774477594,1.0991516729717856,0.0
14,1,0,4,2,36.466677147451605,139.4150955537343,0.0
9,0,1,76,1,35.60676870640267,138.91952191137457,0.0
11,1,1,14,12,44.0895393846753,-79.04817367682337,0.0
11,2,0,43,39,51.30795375387322,0.0752425985081171,0.0
20,2,2,28,19,52.32083954698802,13.268151951883807,0.0
20,1,0,90,35,41.25459245037115,-72.74410010469148,0.0
13,1,0,22,31,1.7922481246266246,103.87047835577327,0.0
20,0,1,27,38,1.2980811501053748,104.18382443121492,0.0
9,2,0,47,17,35.91497685806282,139.89603753184096,0.0
20,1,2,31,17,51.31018907646074,0.31948883962187835,0.0
11,2,2,42,15,40.271221377451766,-73.96816385297639,0.0
9,1,2,73,16,48.71685046709998,2.1303908477414732,0.0
2,27,0,86,110,33.23160595064714,35.6447984187272,0.0
13,2,0,25,11,50.84892221295157,0.3995332893843816,0.0
10,1,0,36,9,-23.089033908895296,-45.95843023522469,0.0
21,2,1,7,26,43.370316570452175,-78.88712619283599,0.0
8,0,1,53,30,-23.981191851178373,-46.0738591898508,0.0
17,2,0,98,5,35.26748741198942,138.80019512874117,427.7044891921991
17,2,0,99,30,40.80700800414871,-73.44563127759167,0.0
20,2,0,65,7,-34.80914588463725,150.9580002696969,0.0
20,1,0,25,20,43.91516271710515,-79.27599229387238,0.0
9,2,1,32,13,40.70285919485557,-74.59750749666607,138.83970147877488
14,2,0,44,22,-33.08514606668052,150.41299945782822,0.0
20,2,0,83,10,49.15968254530573,1.9502114631796315,0.0
13,2,2,80,6,41.098740997517716,-73.805087072983,0.0
12,1,0,18,10,35.935233471922544,140.10731097960908,0.0
20,2,0,92,12,1.8117514348538775,103.87653451835774,0.0
18,1,2,90,27,-23.727812091466745,-46.72024332079458,0.0
12,0,1,98,3,35.45859783569152,140.2126127495579,0.0
11,0,2,56,39,44.25479608521513,-78.88822739666793,0.0
18,0,0,67,10,51.59078480979826,-0.23668679119594332,0.0
18,1,2,62,10,-33.0775518182099,150.66938042310576,0.0
8,1,1,25,32,19.65611095179262,72.91169545379059,0.0
8,1,1,11,12,18.80470051778446,72.55826923602781,0.0
13,0,0,73,10,36.39547124225615,139.39409645642013,0.0
19,1,2,81,26,-33.78808006835615,151.63687668274102,0.0
19,2,1,81,18,43.46876636873989,-79.18688640725033,0.0
14,1,2,55,16,47.720657041787035,1.1474628393908546,0.0
10,1,2,26,8,35.32163680754905,138.91122645609914,349.7710558210601
9,2,2,69,25,2.1624840117336372,103.46512485603196,0.0
9,2,0,72,15,35.496103202695025,140.01250523571676,0.0
11,0,2,4,32,35.627545905613985,139.50693941261937,0.0
20,2,0,39,6,35.49594289163806,138.5786163379313,11.31445745517812
2,47,0,81,70,35.61089282949309,139.41611502123848,0.0
9,32,1,47,78,-33.973906072021016,151.3714257621332,0.0
11,2,1,19,21,40.38781339406827,-73.73095247148615,0.0
16,0,2,82,36,-34.36439015480502,151.29536068616773,0.0
14,2,2,1,23,-34.020033419103676,151.25687826134126,0.0
14,0,0,46,21,18.79251951222338,73.42291717069956,0.0
14,2,0,26,12,52.96536904188745,13.368483260090597,0.0
10,1,0,26,21,1.7369288756728127,103.36616997661945,0.0
21,2,1,33,7,53.00742514234807,14.267953885176187,0.0
13,1,1,89,1,49.51507178161628,2.7722049133728035,0.0
18,0,1,46,20,48.88840887997509,1.4242811145248377,0.0
20,1,2,12,5,1.3322305475969127,104.35648896115825,0.0
21,0,0,40,35,49.00779942211911,2.5729107497454624,0.0
9,1,2,26,27,41.39752048821205,-74.00465732962262,0.0
14,0,0,79,11,40.04216266449086,-74.4211275945186,0.0
4,16,0,27,30,-23.458135404832717,-46.47653061193772,148.78708481551104
13,39,0,36,47,48.655001152226305,2.4241707929509992,98.5202578136514
17,1,1,56,7,-33.895229977145654,151.04053585707507,0.0
9,1,0,39,19,36.20272871650769,139.3155621874554,0.0
19,5,1,58,143,35.34387953300624,139.40036543694794,0.0
11,1,1,64,25,40.88435454147588,-74.38477485561964,0.0
11,0,0,14,16,0.4627845833950983,103.58652503413298,430.26952807686047
8,1,0,90,32,-34.58738338037114,151.22282702034448,0.0
20,2,2,98,35,49.16799991573196,1.8627223769463648,311.0814219875014
21,2,0,77,8,43.83679691524327,-79.24204395517906,0.0
16,2,0,94,5,50.36894365095019,-1.002410021505105,0.0
8,1,0,94,39,35.98789971945818,139.6404073423925,0.0
17,0,1,8,35,-23.4950894524331,-46.97803891239178,0.0
16,2,2,60,36,52.30258711904488,13.558204927492605,0.0
17,0,2,74,19,40.472326936370955,-73.80217187318753,0.0
11,2,2,42,39,51.23903072987924,-0.18865197720893356,0.0
12,0,2,74,25,51.38922358303782,0.16399423498663593,0.0
9,2,0,57,11,35.730534415533675,140.2906672292802,0.0
17,1,0,47,20,-34.21897440372898,151.00972410357483,0.0
16,0,0,30,26,19.24681460968456,72.34093235746235,445.1196151739049
10,2,0,80,10,18.816073304225622,72.72622223100785,21.91691657533827
8,2,1,41,20,40.67187463425597,-74.61924104490424,0.0
16,1,1,66,19,51.633694935842094,14.217733670977823,0.0
20,1,2,39,8,52.518324565170516,13.947796838204086,0.0
15,2,1,48,12,-23.094811902097717,-46.89644726561349,0.0
13,2,0,19,34,1.061482413458584,104.17248260511423,0.0
14,2,0,26,31,-23.762607782605894,-47.470522131913846,0.0
11,2,0,38,37,35.73649496694536,139.923561315486,0.0
3,12,1,79,195,35.81367571169505,139.7342388782643,0.0
18,2,1,58,30,1.4073452693497344,103.95171950212445,0.0
3,1,0,43,21,40.47761729686608,-73.85189979632158,15181.411876242992
21,1,1,89,38,-23.691509465381518,-46.51844449159885,0.0
16,1,2,37,22,18.977097657051747,73.15840102492388,0.0
15,0,0,22,9,-23.003108144180043,-46.221685560826586,0.0
16,1,2,53,14,19.23437102940222,73.23423059046331,0.0
20,0,2,2,5,43.36098599875579,-79.44516377801268,0.0
18,2,0,97,38,40.52416089705816,-73.16091118332702,0.0
11,2,0,77,3,44.728942454412234,-80.19508953384779,0.0
8,0,1,62,21,48.64866632929411,2.7232414849346673,0.0
13,0,0,48,30,1.3262857638538654,103.39744176912195,0.0
12,2,2,24,30,19.160562025049547,72.1331249416192,0.0
21,1,0,27,15,2.0847948777595473,104.2169917089896,0.0
20,2,2,40,36,35.89852759283348,138.43769286106368,0.0
12,2,0,50,1,18.277144040113296,72.43043365543181,0.0
9,1,0,3,2,18.629066175247594,72.96052947178427,0.0
8,2,1,91,21,48.663920731760285,1.9657869682960079,9961.814164738138
18,2,1,1,26,52.77190920922009,13.896558816488273,0.0
11,0,2,22,19,18.786372383578577,73.04310546262988,0.0
9,1,0,80,7,-23.57540431591329,-46.10932896912393,0.0
8,2,2,5,34,52.68465789257589,13.225695340271228,0.0
10,2,1,79,38,52.88648758963075,13.703637443778291,0.0
16,0,1,90,39,52.358114621763086,-0.15983515006424878,0.0
17,1,1,76,22,19.514550989393147,72.98223461505894,0.0
15,1,1,80,8,43.081666030764545,-79.05352385440831,0.0
19,2,0,51,18,52.28774653724876,13.047041574620733,165.3282985272877
17,1,2,30,25,51.558464460435516,-0.3060358186841653,0.0
8,0,1,97,36,39.356554754076015,-74.01309901220567,0.0
5,17,0,77,55,35.32632925379532,139.29693292708768,74.68527830605484
8,2,0,70,1,34.970219511727876,139.74015922654922,0.0
18,1,2,82,27,43.25252428211273,-78.64846024963333,0.0
16,1,2,43,3,18.661768615516138,72.42441505911144,0.0
14,0,0,31,2,-23.941547842636233,-46.86793670237739,0.0
2,23,0,99,124,36.30117995495357,51.51417990853791,0.0
10,1,2,42,20,48.35628985971353,2.749735808402892,0.0
21,1,2,49,7,34.44863748713886,139.91468405289578,0.0
13,1,1,47,9,40.897588801343744,-73.82943638100106,0.0
20,2,2,13,30,43.87065137884074,-78.3562104175924,0.0
13,2,2,57,22,-33.4643235504805,150.94214349886192,0.0
19,0,1,29,22,43.29060479053178,-79.59197507758026,167.14531549145238
6,9,1,61,111,-33.6735252654041,151.39547490238746,54.619478282457735
16,2,0,59,1,41.39111669109173,-73.94312441373229,0.0
17,0,1,33,6,40.695448339985056,-74.40234714109305,0.0
1,27,1,18,56,1.1939171880006794,103.91463659621813,0.0
14,0,0,12,39,40.265045298927454,-74.38156302846322,0.0
17,1,0,57,31,51.3575307116954,0.25258637483530666,0.0
4,26,0,97,84,5.927306674294078,2.872877779278455,21.541907379004435
17,0,1,52,39,40.61343048199169,-73.99772530054544,0.0
9,1,0,69,23,18.088931275832056,71.90352637028637,0.0
8,1,1,12,30,48.62511684195692,1.956032705815473,19647.45171534692
13,0,0,87,15,44.23425041496256,-78.22055655889012,0.0
16,2,2,44,9,-23.87199911174044,-46.48337452411462,0.0
10,2,0,44,33,43.59796904548099,-78.79194119666684,0.0
12,1,0,2,10,1.8896414105179817,103.47399121509055,0.0
19,1,0,26,1,52.18964637587143,13.111251092514127,0.0
10,0,2,63,20,51.697579265191955,0.3718648556198768,0.0
15,1,1,27,9,48.427547227615904,2.369265990755789,0.0
17,0,0,44,37,53.113193706107644,13.054146200937561,0.0
14,1,2,28,19,52.347295842541975,-0.04781757211309229,0.0
16,1,0,34,17,19.819373567899888,72.83089379535828,0.0
19,2,0,38,8,48.602243479567655,2.3539545023179573,14991.469514006094
8,1,2,19,1,49.220834956236466,2.257502429626393,0.0
11,2,0,20,39,51.96498094745428,13.727807737084868,0.0
17,1,2,15,15,-33.44271660587408,151.3776745244404,0.0
11,1,2,19,13,52.11036340380829,-1.1206310781996576,498.5102988922128
14,1,1,25,29,48.77214960984628,2.777017500879934,172.16683348849114
13,6,1,63,175,1.4679170746146897,103.9263461575519,0.0
14,2,2,29,4,43.490188431977025,-79.07942928227233,0.0
13,2,2,41,15,1.4338387395837267,104.72647060262277,0.0
18,2,2,33,22,18.668518007717278,72.50342693268964,0.0
17,0,2,57,10,1.4277847372851884,103.99438627015593,0.0
18,0,0,90,2,52.27545260704055,13.384622075076688,488.12689317140314
15,0,1,8,29,43.58447095766447,-78.90427052054983,0.0
12,0,0,76,32,51.23089228516876,12.99569166019771,0.0
18,1,1,58,24,-33.4176726633054,150.67166770588685,0.0
20,1,2,18,2,-34.5237885791412,151.88572058734664,0.0
11,0,1,59,8,35.63877330703258,139.8683409775636,316.8671158835069
12,2,2,82,22,48.98238554241616,2.859659491227579,0.0
14,1,1,17,3,18.884758491270954,73.08679353923388,0.0
15,1,0,48,22,-24.004651065482904,-46.88487811602751,362.6928037930525
11,1,1,64,11,36.582046028059516,138.86480332216266,0.0
21,2,1,87,8,49.04653392535454,2.151845346258463,0.0
14,0,0,60,36,40.7293135214829,-74.47163378985813,344.89195956024844
11,0,2,37,33,18.7568280699285,73.0771916643953,42.66949454548328
19,2,1,46,34,53.15458859127157,13.451089754818243,132.84085715414594
18,1,1,54,9,49.32421908069981,1.9513064236454993,0.0
15,2,1,30,2,44.304993318570055,-79.82122243637806,0.0
15,1,2,71,20,49.64095450550546,3.415417794486604,305.07723789927917
20,0,2,58,13,44.32585231365535,-78.9320189134643,0.0
16,0,1,50,15,-34.045513371868,150.26538758037483,0.0
2,12,1,1,46,48.87422705422941,2.323970997302742,294.36535401199603
19,1,1,21,18,-23.078768079067316,-46.844570555202516,0.0
19,0,1,10,25,-23.564335333797132,-47.028263012644125,0.0
18,2,2,8,8,19.123089720840206,71.95961276778375,410.4581264579555
13,0,1,49,33,48.453584840164716,2.2572987401262896,0.0
12,2,2,64,16,48.084367753196766,1.8234644039020949,0.0
18,2,2,21,6,-33.84641656645255,151.37654960088906,0.0
19,2,0,30,37,-23.602740673188432,-47.50898497828393,445.6997657711925
12,1,1,70,1,43.23653595956704,-79.88890542499341,0.0
19,0,2,20,9,35.51456735535197,139.07991029565704,0.0
3,28,0,95,122,33.42949706574815,36.5581897717048,0.0
8,0,1,15,2,49.17491574220641,1.303252279345663,0.0
19,0,0,73,24,40.484280832068805,-73.90635134500397,0.0
10,1,1,34,21,52.35893021240497,13.246015216782569,0.0
14,0,1,47,22,-34.1763090056699,150.8604331083492,0.0
21,1,1,75,32,52.40880264005608,12.82227866488999,0.0
12,1,1,90,21,44.16532131515154,-78.32916084048061,0.0
17,0,2,20,29,48.67149528859338,1.9309997587316015,0.0
0,9,1,9,49,-33.85502127665543,151.35173798370067,385.357964829646
10,2,0,16,38,39.976545810979495,-73.66955689184127,424.96677458310296
17,2,1,13,24,48.64217853218478,2.3624726894438575,0.0
13,0,2,88,9,36.799264482968006,140.14187610545991,0.0
21,0,2,41,10,49.032373979412945,1.793365036494003,0.0
20,0,1,80,24,48.19972109315698,2.724138312257319,0.0
20,1,0,69,25,41.726978596115124,-73.45443464696513,0.0
20,0,2,5,36,-23.445216011185707,-47.09620959157379,0.0
18,0,2,17,33,44.18393049938082,-79.54158115854298,0.0
19,2,0,81,28,40.84088072921691,-73.8593689483766,0.0
11,1,1,84,39,44.05728029818154,-79.52836895674221,0.0
11,0,0,58,16,48.72130005416832,2.5364418016684978,0.0
15,1,1,75,13,40.547006687868425,-74.62822919991892,0.0
7,36,0,12,60,-33.615803067001494,151.4036333534967,10.2925351061832
10,1,1,69,39,51.22978800043562,0.29975431607734404,0.0
13,2,1,93,26,48.380674762662686,2.199995126831094,0.0
17,1,0,33,12,40.612404066979636,-73.28596324173327,0.0
15,1,0,52,12,35.74085348758317,140.1268120735726,0.0
11,1,1,9,26,2.1433969827407964,103.90433626472759,0.0
16,1,2,36,37,19.41278257159335,72.58479217037113,0.0
19,0,1,69,22,42.983598080890516,-79.26032928814321,0.0
20,1,2,50,38,49.12638620320007,2.619786735524549,0.0
15,2,1,46,13,-33.932365720826,151.2950309206133,0.0
18,0,0,74,10,49.37946756627017,2.857738228775539,0.0
17,0,1,3,37,49.40742835699818,2.5873611552641447,0.0
21,2,1,98,2,51.77308517939288,13.444500041805531,0.0
13,1,2,93,28,36.76306918673412,139.49978194493954,0.0
15,0,0,85,19,35.74866870739059,139.66427572762223,69.51035361765244
4,15,1,51,73,40.4513102131976,125.5853968057456,0.0
10,2,2,12,13,35.52265255764445,140.0790367490006,0.0
10,0,1,40,15,51.694618162977285,-0.28500300577679827,0.0
19,1,0,79,34,51.90832866602008,0.8561494714640675,0.0
8,1,1,45,12,51.74079127513243,-0.8944373018545624,0.0
20,1,0,69,3,19.21777903530546,73.43670782728807,0.0
9,2,1,85,11,-23.88923782849858,-47.46354133384691,0.0
15,2,0,89,30,44.885026091114916,-79.4384508285576,0.0
19,2,2,61,13,41.59990625206901,-72.92833362590468,0.0
13,2,0,96,34,41.103699655656456,-73.66186663297458,0.0
3,22,1,87,110,60.385663024010334,29.621077721774956,237.298505914054
17,0,2,3,39,52.12732342874398,12.972524674184585,75.82529073157038
16,2,1,90,24,35.47518259482739,139.64669997710482,0.0
17,0,0,22,13,52.13473889458295,14.121085071762316,349.6296108800298
20,1,0,21,37,49.312787306981434,2.713393964164083,0.0
11,2,2,70,14,-24.331827392633038,-46.377066741904805,0.0
12,0,2,66,32,1.290593038321545,103.63618550483476,0.0
11,2,0,8,33,-23.44412758077013,-46.632569082904254,0.0
13,2,1,72,34,-24.20611050508756,-45.74775205034472,0.0
19,1,2,24,13,-23.15159866347529,-46.69825489149034,0.0
8,1,2,87,4,19.21710382144497,73.93061741267425,0.0
10,2,0,51,4,2.825206413331613,103.79844810263836,0.0
18,2,1,24,37,-24.08328186243251,-46.48029280099105,0.0
13,0,1,30,14,52.77931982380679,14.431083074004661,0.0
14,1,0,74,33,52.13499924222662,-0.07856859146289877,0.0
13,1,2,55,9,48.33787329964313,2.8726546751530564,0.0
10,0,1,95,12,-23.86243509800506,-46.37031122079119,0.0
10,0,2,52,11,41.024078166671295,-74.47570289190026,135.584007098447
9,0,0,84,20,-23.29616587520643,-47.016943545112596,0.0
11,1,1,62,11,39.78212554816159,-73.77846943053052,0.0
21,2,1,66,25,18.661670981831104,72.9684934229744,0.0
20,1,1,74,37,19.351659862380522,72.81721909480665,0.0
12,0,2,23,35,18.646580613523454,72.68386090819789,0.0
21,2,2,69,16,51.90888110146222,13.455930353189926,0.0
19,2,1,79,9,18.404646720746857,73.37393041574727,0.0
17,1,0,57,28,-24.403043334621863,-46.9810346156608,0.0
1,16,1,57,55,48.80982043990928,2.3129813578646123,0.0
12,2,0,58,33,19.120476136304852,73.23110871465687,0.0
8,0,2,18,4,52.912016590232554,13.303381960346613,0.0
10,2,1,74,7,48.611750262735846,2.647710778279938,0.0
11,0,2,4,14,43.802890154745256,-78.53166611138121,0.0
18,0,1,58,9,-23.812498286727678,-46.68131370265967,0.0
15,2,2,92,9,52.36158911935411,12.600094273151656,0.0
13,0,2,83,12,0.7548801209971502,104.3092620034327,0.0
17,2,0,32,23,1.0416773903586787,103.77620067561843,0.0
19,2,1,98,15,52.63262738390813,-0.8254668631263979,0.0
20,0,1,40,1,36.1173078912334,140.45483708623664,0.0
21,2,0,7,28,44.365015742617395,-79.36092777768866,0.0
21,1,2,66,19,51.53932815066707,0.10392153618040942,0.0
12,0,1,9,36,0.2096902138372141,104.54373071803838,0.0
20,2,0,61,3,35.99251064989214,139.92019012949598,0.0
19,1,2,45,23,-23.427861081110784,-45.92303932835567,0.0
20,0,1,8,16,41.110519126334644,-73.95946006373028,0.0
17,0,2,22,1,-23.76044984988956,-46.2388183223828,0.0
9,0,0,73,17,48.41962482725429,2.869991643811486,0.0
21,0,2,87,5,-22.8771270106795,-46.22398466911005,0.0
2,12,1,36,72,35.41381356902318,139.56157775464507,103.8442859532487
21,1,1,53,32,2.6083037882891595,103.18897544708037,0.0
15,1,1,31,33,52.36848417950099,13.076845304384866,255.8511701553051
12,2,2,93,31,48.874173940712254,2.8313442148525008,0.0
19,0,0,93,31,1.0141068635128012,104.05648625201299,0.0
18,0,1,68,10,40.18984366557145,-73.2579963936414,0.0
21,1,1,94,10,1.0757860025468995,104.02569314552294,0.0
13,0,2,82,8,18.775056394399385,72.80902291304693,42.17135467363042
8,1,2,14,19,43.103358273951756,-80.06275899886165,0.0
17,1,2,4,23,35.568357236549375,140.10709739588958,0.0
21,6,1,62,183,35.657857863425974,139.64535287506203,68.17347718768787
21,1,0,66,34,53.05178285969301,13.461257855794056,204.75656730277575
20,1,0,57,16,1.0625598457602852,103.96247242022163,0.0
8,1,2,78,1,51.378199639896415,-0.6436672898982556,0.0
13,0,2,40,31,51.46034867577024,-0.25482809908942605,0.0
10,2,0,25,37,-22.575633702199386,-46.881229205368406,212.13250110185174
19,2,0,2,24,51.26924967951558,-0.11710889444764704,0.0
15,1,1,29,3,48.86161165112113,3.1495670036584578,0.0
16,0,0,84,11,-33.11396877080198,151.68936925323987,0.0
20,1,0,26,27,2.035785127360997,104.9680215384026,0.0
14,2,2,43,19,-33.95475668553588,151.4917070748415,0.0
16,0,0,11,3,0.648957685708359,103.87364750282339,216.1629910219247
21,0,2,50,1,40.43925235130645,-73.9790397873471,0.0
20,1,2,55,21,-33.38035046098147,152.1096293149818,0.0
15,2,2,78,27,52.17883468507126,13.583710858108809,0.0
10,2,1,12,2,19.369881492641873,71.6898669944537,0.0
9,1,1,54,3,40.98706492926739,-74.14131028976396,0.0
10,1,2,76,1,52.75850185969754,13.471628616930639,0.0
2,15,0,14,51,-33.868813970950825,151.4336352638629,74.74745212555185
11,1,2,53,11,40.52588630297529,-73.02332926913896,0.0
14,0,0,14,31,51.93463031339734,-0.6935068056318044,0.0
15,0,0,52,15,52.33033504008084,14.32632568644167,0.0
3,35,1,97,106,6.088893668443143,4.354197790208659,104.3795308843709
10,0,2,49,17,52.127982062503015,12.87038916735512,0.0
14,0,1,89,29,51.94893467528433,14.16100800000286,384.06322489428356
10,1,1,58,13,35.77106044177903,138.95886651137286,0.0
18,0,0,69,39,35.95246204262919,139.4949227641096,0.0
18,0,0,58,32,48.975748131060726,2.745245320370555,0.0
21,2,0,61,4,40.78578080485658,-73.6573434805438,0.0
15,2,0,83,8,51.34572189385689,0.4469117180006361,0.0
10,1,2,33,20,-23.645040734580935,-46.749983644381764,0.0
10,0,0,68,37,-23.177219952159465,-46.82986059459995,0.0
18,0,0,4,25,1.1917125835468607,103.79869930284399,0.0
13,2,0,67,9,52.40227163889766,13.343135831866412,0.0
11,2,0,78,13,19.448019135324582,73.65865321238306,0.0
13,1,0,30,34,-23.334345634404613,-45.854315575423534,0.0
17,1,0,93,37,48.61557660258589,2.7810873034975807,0.0
21,0,1,2,37,1.9632016731039685,103.32648050768022,0.0
15,0,2,38,28,2.2182076262428243,103.72394704305144,0.0
17,1,2,15,28,53.03307714069844,12.971690195667934,177.3741666551475
23,47,1,73,52,35.58954383838016,139.7059926905884,45.76282626232132
3,9,1,47,77,52.48036342573099,13.55165409019374,0.0
13,1,2,23,10,-23.864964445594346,-46.6535591750179,0.0
19,0,0,33,34,41.2996634988713,-73.84832907054967,0.0
19,2,2,79,33,44.388926640243646,-79.88818366938617,0.0
11,0,0,45,27,0.5493282966794599,104.95896651458082,0.0
13,1,0,32,26,40.694533325040695,-73.70638402644352,0.0
9,1,1,31,6,43.63552467603404,-78.69288796108722,0.0
15,1,1,89,2,20.302921087072853,72.2934278426717,0.0
20,0,0,58,4,-23.637687515182655,-47.37691693387312,0.0
15,0,0,68,10,-33.4753152172225,150.67106845973362,0.0
11,2,2,28,22,2.0795639041628333,103.28235047134544,304.9774262273244
21,1,0,48,39,40.67953574122399,-74.18374530560297,345.04145848579196
8,0,0,10,15,43.128752626800065,-78.92625364776457,0.0
12,2,2,20,27,51.81989747831545,13.85414092801402,0.0
8,2,0,98,22,18.833845409706818,73.1175937214921,0.0
11,2,1,95,14,48.56018603131025,1.5137457630153728,0.0
10,2,2,79,28,-24.00877291238772,-45.88039085618017,0.0
19,1,2,24,34,1.7057058415061914,103.06495362037322,0.0
19,0,0,21,3,48.23594050078613,2.4980807212667733,0.0
9,0,1,83,30,-22.90141114608265,-46.97155256072457,0.0
21,2,1,71,18,1.415496579840235,103.21729823945049,0.0
9,1,1,56,6,-34.33036630522892,150.7111291589131,0.0
21,2,2,15,3,53.35613961804343,12.238581099737875,0.0
20,2,2,43,9,36.53407800400312,139.60418289768336,0.0
10,2,1,24,11,18.54630722809543,72.68328557334571,0.0
17,2,1,82,11,19.19774786940395,72.98630715482368,0.0
20,1,1,26,29,-23.920437138231694,-47.50239023616827,0.0
8,0,2,68,1,43.33207345163528,-78.79862328660002,0.0
12,2,0,46,9,36.05263783880699,140.50132757700794,0.0
2,12,1,66,91,10.93560705555736,-66.92032543712492,418.3366762439885
20,2,1,33,31,-33.64002868190096,151.31949079139403,0.0
8,1,0,53,18,44.45161911357103,-79.51980475734834,0.0
8,2,1,99,31,48.05117777221913,1.9906561351820686,0.0
5,8,1,44,60,-23.776781122027007,-46.45582352717177,345.54160585876093
21,0,0,75,2,49.25312819032872,2.2457958692591973,0.0
17,0,1,27,36,44.46319102930011,-79.31541038622174,0.0
19,2,2,17,26,50.92015505875343,0.1168279584997223,0.0
20,0,2,96,25,36.16333111106441,139.39142332747736,0.0
19,2,2,80,9,48.32774217596497,1.3445970058222927,0.0
20,0,2,35,37,-34.07689700136507,151.87848186572322,0.0
8,0,1,44,34,-33.22653348303305,151.42751256474656,0.0
19,2,0,52,20,1.736091634847285,103.7806646680983,0.0
14,1,2,21,25,49.35177670551875,2.4731681847367857,0.0
12,2,1,2,14,-33.57470003251407,150.7589764408862,0.0
20,1,1,38,21,18.46159979072393,73.09858799829436,0.0
20,0,1,15,31,18.588010095854166,73.30455652284142,0.0
18,2,1,23,5,34.8978920146016,139.55758526617345,0.0
10,0,0,50,9,43.39527472222489,-79.65594623436618,378.6953990783728
10,1,1,35,6,2.266396806532499,102.8231905882947,143.66638879381298
14,2,0,16,2,44.007135744752944,-79.03639072653047,0.0
13,2,2,71,14,48.62443982775127,2.031470617284297,0.0
14,2,1,63,15,1.4075780480340219,103.23164837153837,0.0
16,1,2,58,23,48.29704253598665,2.1845021386131034,0.0
21,0,0,91,25,-24.14582428608935,-47.166660554413106,0.0
20,1,1,17,38,45.19802450781048,-78.35137369917824,0.0
8,1,1,67,16,40.36508918505501,-74.38949330506786,0.0
17,0,2,99,8,49.34713432683735,2.10175927934896,7.635474332676807
15,1,0,74,20,52.00995108114982,1.1144336843207168,0.0
14,1,1,16,15,51.40477268519295,-0.40325559127742683,222.85978163754342
9,2,2,75,38,-23.735753150844758,-46.88816507759257,0.0
19,2,1,3,17,-23.80235224033657,-45.66510534871554,0.0
10,0,2,55,31,43.910936113175,-79.43431892590496,478.6336554338162
15,0,2,73,27,42.93414571376906,-79.52555118490386,0.0
11,1,1,19,14,51.609047633673825,13.271371942788486,0.0
19,2,0,49,32,-24.93029869963644,-46.21618579670022,0.0
15,2,0,59,38,-34.18245527083865,150.01712166232187,0.0
11,2,2,34,33,36.01458513535848,139.5571184650615,0.0
4,27,1,62,72,19.003944630624606,73.00220626878745,0.0
8,1,2,60,18,-34.107640072947106,150.71180005339482,0.0
8,2,0,71,30,41.722283055559934,-75.03117416078122,0.0
9,2,0,86,20,51.388133276578664,0.06277402332716106,0.0
13,0,2,71,36,49.6384678080249,1.9706378058661707,0.0
20,0,2,71,3,18.614783656994263,73.32399475855718,0.0
15,2,1,75,20,35.595387127268765,139.36033148204353,0.0
17,1,2,13,13,53.28184209972031,13.79927430915865,0.0
15,2,2,5,25,1.8972372531721302,104.61438220962397,0.0
12,2,0,27,23,0.49320318811918396,104.37565928376209,0.0
15,0,0,51,25,51.514040998398116,13.56991997681167,0.0
14,1,1,66,38,40.2784964053672,-75.18076415349593,0.0
14,2,0,58,14,18.88717456933272,73.34039904539837,0.0
21,1,1,9,2,51.856789656570506,13.648063845043657,0.0
13,1,1,29,9,48.602933612305726,2.3984703077468112,0.0
11,0,2,32,35,43.25123053938366,-79.0238513152982,0.0
14,0,1,80,19,35.43843472791783,139.4078164812505,0.0
20,1,1,11,39,-23.893957877896245,-46.228853539946996,0.0
11,2,0,97,36,52.63706877355665,13.76297620884195,0.0
8,2,0,26,3,53.26928241943254,13.23696300692498,0.0
3,26,1,78,81,39.40388531375838,115.97985226279539,168.78910840842815
13,1,2,48,10,53.198428387109445,13.167613177258145,0.0
20,2,0,9,37,43.960014355491815,-80.79776184134678,0.0
14,2,1,7,32,35.45114943315489,140.36547329942394,0.0
13,0,1,98,16,-22.912677758687114,-46.37452811209386,0.0
5,27,1,96,143,35.174518655005684,52.17656866054396,129.39730513536762
20,1,2,76,14,41.527461668309016,-73.80166735831392,0.0
16,0,2,60,24,19.683577504435878,72.46211505709768,0.0
11,2,1,58,13,51.96821735917692,0.7267806164891059,0.0
13,1,1,45,25,1.6750589128969056,103.11623800247018,0.0
11,0,2,46,22,48.887384310312726,1.5778185389383603,0.0
9,2,1,81,2,-34.29655567898913,150.54022046568846,0.0
11,2,1,37,29,19.42486856407473,72.71942082386875,0.0
9,2,2,88,21,-23.142064109989796,-46.40146671415956,0.0
19,2,0,73,39,52.804679723086224,13.452650676936967,0.0
17,0,0,48,1,0.529211735242341,103.91904265966927,0.0
13,1,0,96,30,-23.44798665646906,-45.07235155128698,0.0
11,1,1,13,33,1.5495128722038507,103.4077705792305,0.0
12,2,2,50,14,51.98166953273784,14.202427674349103,0.0
13,0,0,62,19,41.21440659986951,-73.80905620259472,0.0
18,0,1,67,34,40.421093822065934,-74.07901830287089,0.0
13,1,1,88,27,51.62287197819408,-0.225448847791047,0.0
18,2,1,9,7,39.67019117821728,-73.77851405469951,0.0
9,0,1,2,37,-23.272471676085573,-46.01544413035058,403.10927141733276
15,2,2,12,7,35.189325176020965,139.53788324847636,0.0
20,42,1,76,64,-33.918678986077104,151.23179043065772,0.0
15,0,1,44,27,43.541689644420636,-78.76048373308714,0.0
18,1,2,60,8,-24.63332261420206,-45.88842519633971,0.0
6,1,2,68,35,40.67233221862598,-74.04264904864186,13716.815742611992
20,0,1,87,35,51.981488412681145,-0.5086229530690177,0.0
15,1,0,82,7,53.24208653927449,13.188370058256227,0.0
20,0,0,34,26,43.37563648795568,-79.5475294250622,0.0
20,1,1,43,10,35.418071992031436,140.36253100656631,0.0
19,1,0,93,20,18.485608968674832,72.31287488519976,0.0
14,2,2,85,33,48.573265293744946,2.426998739036777,0.0
18,0,2,62,6,48.99328817397213,2.5394403232042224,0.0
11,1,0,85,24,1.0460441728140426,103.79531280205052,14995.128426200363
11,2,2,98,19,52.19455475658955,-0.31373658042770325,0.0
15,0,1,63,23,-35.02085116987865,150.58163194215695,0.0
16,1,2,46,31,34.73010787558817,138.6677497128232,0.0
4,7,1,77,112,52.410154372100926,13.237917943521634,0.0
21,0,2,31,2,43.796724961605904,-79.59337477638996,0.0
13,2,1,78,16,36.049293703657206,139.59936830281717,0.0
12,1,2,53,27,-23.661261048342357,-47.394063826696154,0.0
8,1,1,47,36,49.201118101607484,3.0153710989936098,0.0
9,2,2,33,15,51.97732405176484,0.06843257056329427,0.0
9,1,1,77,6,35.75340363848085,140.2516136505238,0.0
20,0,0,2,10,-24.248814427894114,-47.38683596158919,170.69398665674314
2,38,0,89,147,59.27161116675135,30.32053555855392,241.3565849789017
10,0,1,49,2,-33.91734978370166,150.24689416101867,259.3685382152256
21,0,0,36,35,47.96632165839476,2.5808149374138445,178.38482348131717
1,24,0,86,128,60.05154095948443,29.496560520209723,305.3956048614596
13,2,2,25,24,51.866395154958084,0.5321303353327402,0.0
9,2,1,49,11,0.6734723845866101,103.4829884294833,0.0
17,0,1,25,31,42.85534275206205,-79.64430291691974,0.0
16,1,1,25,17,-23.538846199557064,-46.42806207805277,0.0
14,0,2,99,27,44.08841721913457,-79.01600221646834,0.0
9,1,0,26,38,52.565277860958325,0.5781382594472637,0.0
21,0,1,11,4,2.3595392805621067,103.76185396931943,0.0
10,1,1,98,35,35.41255702787989,139.74740143107812,0.0
17,2,1,86,33,34.92148904329662,139.80443042028122,0.0
22,14,0,87,178,51.613680956240174,0.12654123785394097,45.95386611580934
13,0,0,5,22,49.48751020646706,2.262444768629244,0.0
8,1,2,58,11,-34.07495655936743,151.84026693836577,0.0
17,0,2,24,29,49.23059021703096,1.6272299102418737,0.0
10,0,2,27,24,-33.69758611738936,151.83164402318255,0.0
19,2,1,12,24,36.37049556072209,140.0746832513032,0.0
21,0,1,30,27,51.20984910292264,0.187157431023147,0.0
11,1,0,9,16,40.996726736885634,-74.60651508303846,0.0
20,2,1,70,14,51.22354048261215,-0.15941172824147948,0.0
15,2,1,2,26,52.25344803756774,14.011690699952496,25.05204060595431
18,1,2,24,17,43.4863345008401,-78.76749237755142,0.0
21,1,0,44,16,43.67815944322712,-79.38630881927074,0.0
19,1,1,5,16,1.4758488984186056,104.20743969814771,0.0
17,0,2,21,4,2.2624901883576785,103.79539520594732,0.0
20,1,1,67,31,-22.946667275121875,-46.14878831319061,0.0
18,0,0,54,10,40.84474721522701,-73.18022686540388,0.0
19,2,0,6,16,19.62595247545894,73.05803958784651,0.0
8,1,0,46,33,35.42003516278885,139.23221105925634,0.0
16,2,2,45,9,-33.99978321815928,151.4528822201101,0.0
3,9,1,4,31,52.835175161900395,13.395440149923042,114.71542073569178
13,1,2,11,18,35.96510844544057,140.86918479402985,0.0
15,1,0,12,18,35.44665446822271,139.51108355868055,0.0
13,2,0,58,38,1.654869889040202,103.60730731331168,0.0
11,2,1,6,20,43.35576096572782,-78.41004128948498,0.0
17,2,1,29,1,1.3715388039614735,103.91444394711777,0.0
14,0,1,20,25,2.6377861798443916,104.52058286875766,0.0
12,0,0,66,10,19.307861928695218,72.39416587826396,0.0
1,8,1,17,114,35.34002098345071,139.55033208051967,435.6034372757088
20,0,2,11,20,48.77599576571507,2.3119240540903885,0.0
3,22,1,97,103,58.94495548667809,30.504914184152746,132.7882929909468
12,2,0,27,2,48.57510316423217,2.6665579304001525,0.0
10,2,0,30,28,52.95139849289525,13.740518506339903,0.0
8,2,1,75,17,43.20073355740643,-79.58177608953066,0.0
17,2,1,20,12,1.317704576782561,103.6583877681267,0.0
8,1,1,90,16,48.98620900917163,1.315162020117605,0.0
4,22,1,90,95,59.56453698094573,29.990783873725647,0.0
13,2,0,78,34,43.89213594535148,-80.12318873079252,0.0
14,2,2,18,4,52.65951521273127,13.71251509688616,0.0
16,0,1,62,16,51.475755439430515,-1.0369202169985738,0.0
4,21,1,81,162,56.133421499495284,37.518837138712385,67.17828824254953
20,0,0,79,28,18.205509071315813,73.69479763328859,0.0
9,2,2,1,3,49.28758254253008,2.528803697253921,0.0
11,2,2,60,38,0.9211398109920885,104.06662678265305,0.0
1,28,0,82,98,35.003751320749934,51.73533601712637,336.1320864837959
18,0,2,14,37,19.38507029764034,71.97026347781289,0.0
21,29,1,47,56,18.943714472336435,72.78225522359334,476.69060521393726
1,7,0,3,67,43.64219889101164,-79.41510240894223,15.705361268587922
20,0,0,93,19,1.343900611872106,103.8356907840808,0.0
21,0,2,94,31,-33.71276029059017,150.39678201537657,0.0
19,0,2,19,2,48.614419527863824,3.168627093636646,36.83801548082384
9,1,1,25,9,-34.12800144970776,151.31658370168677,0.0
1,1,0,66,9,40.3877757482235,-73.98941762936559,6133.632932799252
10,41,0,45,61,52.338062042318334,13.556900007503224,5.448388446814661
13,1,0,72,18,40.639300608901465,-73.49215270324926,0.0
16,1,0,96,25,40.3673597938569,-73.0847604777164,51.967693923049445
13,1,2,14,12,17.752373560051247,72.32035731937002,0.0
9,1,1,97,34,50.84178510364296,-0.16486355321502194,0.0
22,2,2,6,11,19.30405011053424,72.64165365315993,11228.661983873424
15,1,0,99,4,52.41094805081303,13.490415949206648,0.0
18,1,1,14,9,52.64351332180256,13.399757511571996,0.0
13,2,2,91,35,50.420489371882645,-0.2463384954427891,0.0
13,2,2,9,20,0.890843634811459,104.18475574644144,0.0
13,0,1,98,2,48.200913637456175,2.680001956436713,0.0
11,0,1,83,10,39.30969144525073,-74.64916707334147,467.260103913941
16,0,2,78,15,-23.67014838839971,-47.348911377983434,0.0
22,0,1,7,15,35.8520028309114,139.4610018408023,18436.59289770727
10,2,2,41,29,17.81133128003767,72.61957895649543,393.9049679625058
11,2,0,62,7,-24.65251878762562,-46.41099031379929,0.0
20,1,2,17,14,-33.36705077322357,152.0220159295794,0.0
17,0,0,11,15,52.605485485784115,13.92198162824951,0.0
16,0,0,88,34,35.15178583295916,139.88279041487053,0.0
11,0,0,3,6,35.69783584737215,139.88366273379603,0.0
19,1,2,11,31,-34.23352734805487,151.29808565432003,362.1483310224947
9,2,2,86,30,-34.30631270382812,152.5843535997904,0.0
18,1,1,89,34,43.59183828865951,-80.08951107914044,0.0
19,1,1,91,32,40.38391361972216,-74.78438167293936,0.0
20,0,0,69,12,43.5012454309139,-79.2511695541326,0.0
18,2,0,23,19,40.388468706475564,-74.67938120438188,0.0
18,0,1,41,34,0.5275588330328888,104.10982662422407,0.0
14,2,0,56,10,41.36658940537999,-74.36294549371664,0.0
18,0,0,27,11,48.30894919246507,2.647174242277471,0.0
18,1,1,9,35,49.185359803747936,0.9422345339982894,0.0
15,2,1,50,36,52.48211458638928,14.948577575099202,0.0
15,1,1,81,38,52.13322573569991,-0.8483663099283014,0.0
12,1,0,2,17,43.62594041216238,-80.24980273645338,0.0
16,0,2,35,26,48.78558073661281,3.224708214993894,0.0
9,2,0,93,8,43.65786667771377,-79.4194998005764,15015.438574745845
19,2,0,78,26,35.674693698408085,139.64643538887262,0.0
19,8,1,1,104,52.661882196117325,13.376889302899514,393.51707677695816
11,2,0,12,32,40.351709346036515,-73.65533793147563,0.0
4,33,1,15,46,40.58150647273482,-73.97978896005452,479.4800753779231
12,0,0,2,1,51.71210670893456,-0.607713998456824,0.0
21,2,2,74,33,-23.030503780085084,-46.885715282422474,104.56258858223676
8,1,2,7,9,-23.132469474420237,-47.294349659972426,0.0
20,0,1,55,8,51.67336691264511,13.458089383911105,218.74352488902647
11,0,2,64,16,39.65202202930559,-73.26306586224116,0.0
12,0,0,94,31,51.63753277918386,-0.6165810627363435,0.0
13,0,0,96,4,-23.847945148534784,-46.80424386808564,0.0
8,2,2,5,23,49.32521181076743,2.1721839426725693,0.0
12,0,1,11,35,52.86692788150396,13.71201282362924,0.0
13,1,1,35,18,52.23637761678284,-0.04081942515714605,0.0
11,1,0,92,26,40.27327455741206,-74.5261458641138,0.0
21,2,0,88,11,0.8832100830650449,103.89184652380374,0.0
17,2,2,82,17,52.914657805927305,13.52466540019874,0.0
21,4,1,77,186,19.04388807809964,72.7666427794798,361.72890498139185
10,0,2,10,36,-23.121954001506488,-46.36668721922218,0.0
7,4,1,86,168,40.85429096711058,-74.19284847141999,0.0
8,1,1,89,20,19.461212608558323,73.52806865294401,0.0
17,2,2,17,18,47.88104076257557,2.4345718937321923,0.0
10,1,1,98,14,19.153123656867034,73.04856445737022,0.0
19,2,1,35,15,0.6618283273762954,104.13800477321035,0.0
11,2,2,5,28,-33.010417259842804,151.4371093097623,0.0
8,2,1,84,7,36.185643497611245,140.9667622184649,0.0
16,0,2,2,39,43.75590906435502,-78.23699063278836,0.0
15,1,0,87,13,1.605069918266862,103.45426308247447,0.0
16,2,2,60,37,-24.112646297102916,-46.16418900117213,0.0
12,0,0,8,32,49.32375487296061,2.2989905599985057,0.0
10,2,2,43,24,20.257816721837692,73.00696095735982,0.0
15,1,1,25,23,40.93730548170947,-73.9486892454,0.0
12,0,0,37,8,51.490860450996315,0.09943827492850846,16592.83694973405
20,4,1,70,132,19.460674375945963,73.01616291472814,0.0
8,1,0,57,23,18.546303934765028,72.94999725164824,0.0
8,2,2,84,36,-23.14390279657355,-45.697968311903765,0.0
14,2,2,48,6,40.17606616113027,-73.60645589390587,0.0
10,0,0,10,31,-23.306820098404806,-46.61573666503613,0.0
12,0,2,86,15,-34.02857838115954,150.29707955666177,0.0
11,0,0,94,37,35.559753293381455,140.25796078733902,0.0
16,1,0,18,38,52.23640379059366,13.596431145810724,0.0
12,23,0,49,90,51.641748496438375,-0.47082399093893923,191.0894958246302
10,2,0,58,37,53.168703057431316,13.452499941748519,0.0
10,0,1,99,21,53.19392789066452,12.973975059297752,0.0
3,39,1,91,99,39.539835303672994,115.9841440777782,0.0
15,0,0,69,30,48.92082586879888,1.6841958166822708,0.0
17,0,2,97,31,-23.28943982137246,-46.7710551452342,0.0
14,2,1,34,24,43.2991512539837,-79.19647776186277,0.0
10,2,1,22,29,36.85399012928411,138.88651475309533,0.0
14,0,2,6,4,-33.05247375115143,150.9496035067928,0.0
0,15,1,14,74,-33.50925323188453,151.146032891052,369.2880190090355
19,2,0,35,28,50.17120631565014,2.3856909039093663,0.0
10,1,1,25,2,-24.159986261268063,-46.60025222017211,14.70721357475553
21,2,0,93,39,48.99360289254279,2.3615901521582243,0.0
12,1,0,25,20,19.004243827822293,73.49648602374207,0.0
15,0,1,14,7,43.471281362987554,-80.49035897410774,0.0
14,1,1,28,17,52.121276129909646,-0.1464869298993065,0.0
20,1,1,24,3,51.06880739968915,-0.2779908702598855,0.0
17,1,1,64,19,-33.92082487839982,151.30300994026175,0.0
8,2,2,92,15,-22.415067359482226,-47.67017309359327,0.0
15,0,1,49,2,44.233956857685705,-78.88187192187902,0.0
10,1,1,59,24,36.02113162489815,139.97092519666418,0.0
1,33,1,23,59,19.083155424399386,72.84339617771421,283.5031349543572
17,0,2,51,24,48.971920455132185,2.276493384944858,0.0
10,1,2,18,10,36.008068606944015,139.573067240566,0.0
15,2,2,58,37,52.83572314676697,14.460177183910197,0.0
16,0,1,47,36,20.38854316981083,73.62258257003428,262.8037151413207
11,0,1,61,26,40.441850437805726,-73.79275209054016,0.0
0,7,1,22,199,43.815184575821945,-79.52930199373537,0.0
21,2,2,23,12,43.4462723775109,-78.92245727477456,0.0
12,1,0,42,25,19.566242499760286,73.2120249300803,0.0
17,0,1,9,28,-23.65085647416864,-46.12624753436014,0.0
11,2,0,68,13,18.81074618853092,72.43975021114196,0.0
13,0,1,46,31,-34.033608670903206,150.93288248268942,19.027037939775397
15,2,1,53,30,47.79692131598068,1.8877100228386874,0.0
11,0,2,96,30,51.98266900396422,-0.32460471867429685,0.0
18,1,2,72,21,35.56733450775578,140.0079819734003,0.0
16,1,0,17,11,40.75572019836325,-73.58244084051017,0.0
18,1,1,35,9,51.28189748493503,0.25189396965457855,0.0
10,2,2,17,4,49.32248804870435,2.701011685366219,0.0
16,1,0,77,33,43.616500793120515,-79.53443023156686,4677.175404457754
13,1,2,42,1,-24.139448321490285,-46.4695901141745,0.0
13,0,2,16,13,19.814073055360033,73.26667738639638,432.6482246926776
11,1,2,82,27,-33.919707871014786,151.182851997292,0.0
17,2,1,79,39,18.941765864854176,73.17250477334602,0.0
15,0,1,18,11,35.33304046217545,139.66873740209317,0.0
19,2,0,54,7,52.17898280840035,14.340873909346962,0.0
4,29,1,84,174,39.08485736430568,125.57227204791683,359.50606909343315
2,28,0,85,52,19.004319284897424,72.632700022268,181.03288963249494
9,1,2,35,22,42.82137769080543,-79.14809727412477,0.0
17,2,2,85,16,47.62232854205784,1.3491348984488025,0.0
20,2,0,77,18,18.774288850620138,72.67979218994867,0.0
14,2,2,31,28,40.28416279012914,-74.60888106422777,0.0
13,2,1,55,31,-23.411335469389893,-46.75437461291197,0.0
14,0,0,77,4,35.75798666779433,141.11197780865953,0.0
8,2,0,38,10,43.846201171958135,-79.78021030572427,0.0
15,1,0,75,39,-23.70230835265388,-46.51222125462938,0.0
18,0,1,48,10,18.792602413476953,72.29186507096635,0.0
15,0,1,59,13,35.66114226644995,139.39537073111785,0.0
4,34,1,4,90,52.39656417079786,13.313990675866515,0.0
13,1,0,76,10,-23.099762685026107,-46.81557457326751,0.0
8,2,2,1,20,1.2929010497268854,104.66311959290218,0.0
17,0,2,65,13,48.192631743115776,2.6238483320411454,0.0
21,0,0,84,8,19.292096325732704,72.32077345019944,0.0
18,0,1,15,15,51.30414321436893,13.723948369083415,0.0
21,1,1,72,14,35.506770164950325,140.64520455212175,0.0
20,1,0,69,8,-33.50135324826283,150.44368596840832,0.0
17,1,0,39,31,49.07126551090995,2.271831279344068,0.0
13,0,0,68,6,-33.78397355526457,151.2908305337147,0.0
8,0,2,55,14,40.37655526343486,-73.62182852525693,0.0
8,0,0,9,1,52.67116687088167,13.41008595086136,0.0
19,2,0,30,35,-33.59216365552452,150.8067713038283,0.0
13,0,0,25,31,19.770156350716903,73.06656383116082,0.0
18,0,2,76,23,52.60700927831031,14.191121083259826,0.0
4,44,0,34,62,51.36360916422895,-0.2707074121956099,0.0
11,0,1,11,28,43.77281625000369,-79.59142492137138,0.0
12,2,1,74,25,41.55764520667936,-73.31873327265434,0.0
16,0,1,57,34,0.9396158115337574,104.17026285771855,0.0
14,0,2,40,24,51.453433482464746,13.780143455040474,0.0
9,0,1,63,13,-32.75958928794264,151.25194065898287,245.07118086586226
12,2,1,70,30,0.6119579508962685,104.16868845050561,0.0
16,2,2,35,37,52.63524360730175,12.178796538283867,353.53165858196024
17,1,1,98,39,53.38494557725992,13.273721883216286,0.0
12,0,1,70,38,36.48123373434669,139.8751045150359,0.0
20,2,0,39,37,40.11855663903678,-73.63294950656534,240.9271258737175
18,1,2,98,24,41.830039450674654,-73.920734069806,0.0
18,0,1,7,38,-34.52563265448616,150.80857051463514,0.0
8,0,1,83,10,43.92868967381661,-79.90149834660545,0.0
17,1,2,15,19,1.5627797840245008,103.83891671760811,0.0
8,1,1,58,8,19.124272631769387,72.82440261954268,0.0
15,0,1,80,18,51.55913888265659,-1.0114486765552881,0.0
19,0,2,31,3,35.82627779249786,139.47427219614403,0.0
8,2,0,64,17,52.8644191235164,12.154098569306068,0.0
11,0,1,10,14,43.533292189043394,-79.73250870918262,0.0
10,0,2,9,11,-33.596466277840804,151.0980290820428,0.0
13,2,0,39,21,2.0443210558428233,103.96874745823935,166.12415237243704
11,1,1,52,5,41.29454272901563,-73.47119586892101,237.81040372891715
21,1,1,68,14,49.07317238461595,1.6984128080544991,0.0
20,2,0,10,24,48.17508017072444,2.6670499263562917,0.0
14,0,0,7,30,34.86044958930792,139.54772588550105,0.0
20,47,1,58,59,48.93676463274706,2.4337994254499526,0.0
19,0,0,91,28,51.37301182998321,13.125742628953056,0.0
10,2,1,85,38,-34.47745242793151,152.42050276939497,0.0
14,1,2,43,32,51.11024871241823,0.6124840277709441,0.0
8,2,2,6,8,18.897733955027963,72.2647333175079,0.0
11,0,2,64,30,51.304587504393965,0.736757384034767,415.9738454267856
9,2,1,9,23,-22.995869898888536,-46.193711849282785,0.0
8,2,2,12,20,36.054927874658524,139.93344043985869,0.0
10,2,1,4,4,1.3772532613776602,104.1466559401281,0.0
19,0,0,99,15,52.161257406959464,13.886622493693272,0.0
16,2,1,69,4,-23.852813889300865,-45.92033170926044,0.0
8,0,2,92,8,19.07469916619549,73.84341957556353,0.0
12,1,2,24,36,40.652863726288565,-74.02128950975174,0.0
21,0,1,7,14,-33.48225002923056,151.39894043591133,103.93712245147461
20,0,2,26,11,52.38298409287603,13.69986104637069,0.0
12,0,1,86,4,-34.115685288874246,149.99420393642188,0.0
15,2,0,30,30,41.994828974650176,-74.09081705954758,0.0
15,1,1,69,6,19.31788637047592,72.82189883457855,0.0
19,0,0,87,39,1.3980028872903367,104.3471331560216,0.0
13,1,0,29,37,51.62938216063962,-0.4645367613253951,0.0
11,0,2,13,16,48.83581495122874,1.8351494052715345,0.0
14,2,0,37,19,2.0009774926298363,104.56580893468053,0.0
19,2,1,20,13,39.96288154433823,-73.5284229415496,0.0
10,0,2,12,35,-23.18572861668209,-46.2601701462667,0.0
17,2,1,94,24,18.456852155811976,72.75813815274853,0.0
8,0,2,58,13,39.55046036375677,-73.79776927762192,238.23041689218022
14,1,1,58,32,52.36466353409686,0.29889322166454113,0.0
1,18,0,17,45,35.78474623290888,139.68490311256951,0.0
19,0,2,76,13,1.2269406441335031,104.39036636576563,0.0
10,1,1,20,12,1.8936892985281282,103.21083818661745,0.0
20,0,0,10,19,53.04100974158147,12.90344399198001,0.0
3,27,0,59,54,1.1785049154943337,103.77708135155899,0.0
11,2,1,77,24,-34.72318381958979,151.40021953042051,0.0
11,1,1,3,37,43.65750025324757,-79.6588027174646,311.6253115399859
15,0,2,25,29,35.64260820966904,139.20074445078637,0.0
13,1,2,31,36,-34.684136683707635,151.15481195385235,0.0
14,1,2,75,38,49.039451908958824,2.584280365853468,10998.512224524598
12,2,2,36,29,41.28433295144496,-74.00259845080362,0.0
15,2,1,67,23,-23.6019177601122,-46.36910359406614,0.0
16,2,1,16,21,43.07993672835192,-78.97831343236959,0.0
11,1,0,21,31,-33.45298584616776,151.8087176483557,0.0
19,1,2,35,27,35.36144172597546,139.96445346273558,0.0
19,0,1,67,23,33.89209735032006,140.34687998454487,0.0
18,1,1,83,37,1.3316710332019959,103.4028824082801,0.0
9,2,2,90,15,48.954683772789366,2.6903550299987895,291.3997475535101
20,2,1,50,18,0.5803310940824439,104.03628834136387,0.0
13,1,1,74,23,1.672551924704618,103.55884909290842,0.0
9,2,0,65,15,44.214183430497805,-79.05628374060119,0.0
16,0,0,82,21,48.88841662018428,1.7919886700441914,0.0
11,1,0,11,9,1.79532409850813,104.79413547886074,0.0
5,20,1,59,110,33.8048871194953,36.5774553030802,488.94883499371025
19,1,1,88,28,41.30632205585949,-75.46283622102249,0.0
14,1,0,50,10,35.39232246841291,139.97120776512082,0.0
3,21,1,71,106,54.97127899434523,37.87240507412321,454.8678953295544
21,0,2,47,8,18.776753191641834,73.67550491150548,0.0
19,2,2,27,28,43.30638546489158,-79.3199615900765,0.0
19,0,1,57,29,44.1150488883081,-79.5203165917454,0.0
8,0,1,84,22,-24.30856791005161,-46.56606357896854,0.0
11,0,0,17,21,35.8888645302383,140.38519946313863,0.0
9,2,1,87,8,34.46797411739376,139.32382100437107,0.0
22,44,0,86,78,48.67726670113333,1.745961233501982,16.171999803854114
15,0,2,65,13,50.58192982105236,-0.9801485067481356,0.0
11,2,1,82,21,-22.654422044619682,-45.84428124647345,0.0
19,0,1,23,30,36.16427417904236,139.7592159397561,0.0
8,1,2,2,5,18.951868549607443,72.90747648415682,0.0
16,1,1,87,31,41.188557031471476,-74.0609688576851,0.0
17,1,2,26,26,35.46255718719613,138.5919681195515,0.0
21,2,1,43,25,40.65630410906596,-74.33445530024873,0.0
8,1,0,19,9,40.582343866941436,-73.92927951202286,0.0
21,2,1,48,22,1.3904080527292304,104.70619558821836,0.0
19,1,1,6,1,40.8628960813001,-73.82396648571579,0.0
16,2,0,33,24,-33.95476584518226,151.25046494335857,0.0
19,0,2,39,33,40.2725690175888,-73.0890386739031,0.0
12,0,1,54,12,-33.19137741381338,151.96661845329018,0.0
13,2,0,72,19,40.465920028819774,-73.25329219974577,0.0
0,10,1,58,42,52.44573409299354,13.401767233076246,0.0
16,1,1,71,20,40.04642776460586,-73.34251573447166,0.0
19,2,0,96,36,19.587570602343614,72.70599445020602,0.0
15,1,1,53,18,1.4439855673115212,104.26173060172654,0.0
21,0,0,41,32,1.0226507890118985,103.30498265883607,0.0
10,0,1,56,8,1.7860234715156478,103.24697071441733,0.0
16,26,1,2,82,49.20173875856295,2.3765688928264908,280.63798450160846
0,19,1,75,40,43.487261315154775,-79.16744261766203,0.0
12,1,1,24,25,51.38530008240378,-0.3719899106315007,0.0
5,7,1,80,52,49.32954669692072,2.3912115569759362,0.0
